date,Equity,ReturnDaily,Abs(ReturnDaily),C2LeverageWght,RetDivLev,RetDivLevRoll180,LevSMA7,RetDivLevSMA7,RetDivLevSMA7_180,DB_LeverageWght180,DB_LeverageWghtSMA7180
2019-12-09,49944.46,0,0,0.99,,,,,,0,0
2019-12-10,50217.46,0.005466072,0.005466072,0.98,0.55776242,,Strategy:,126548162,,0,0
2019-12-11,51187.46,0.019315991,0.019315991,0.97,1.991339267,,,,,0,0
2019-12-12,52220.46,0.020180724,0.020180724,0.95,2.124286732,,,,,0,0
2019-12-13,52240.46,0.000382992,0.000382992,0.95,0.04031491,,,,,0,0
2019-12-14,52240.46,0,0,0.95,0,,,,,0,0
2019-12-15,52240.46,0,0,0.95,0,,0.962857143,0,,0,0
2019-12-16,52658.46,0.008001461,0.008001461,0.94,0.851219249,,0.955714286,0.837223117,,0,0
2019-12-17,53148.46,0.009305247,0.009305247,0.93,1.000564241,,0.948571429,0.980974881,,0,0
2019-12-18,53059.46,-0.001674555,0.001674555,0.93,0.180059638,,0.942857143,0.177604279,,0,0
2019-12-19,53497.46,0.00825489,0.00825489,0.92,0.89727064,,0.938571429,0.879516427,,0,0
2019-12-20,54044.46,0.010224785,0.010224785,0.91,1.123602693,,0.932857143,1.096071846,,0,0
2019-12-21,54044.46,0,0,0.91,0,,0.927142857,0,,0,0
2019-12-22,54044.46,0,0,0.91,0,,0.921428571,0,,0,0
2019-12-23,54105.46,0.0011287,0.0011287,0.91,0.124033004,,0.917142857,0.123067015,,0,0
2019-12-24,53828.46,-0.005119631,0.005119631,0.92,0.55648165,,0.915714286,0.559086088,,0,0
2019-12-25,53828.46,0,0,0.92,0,,0.914285714,0,,0,0
2019-12-26,54470.46,0.011926776,0.011926776,0.91,1.310634756,,0.912857143,1.306532613,,0,0
2019-12-27,54366.46,-0.001909292,0.001909292,0.91,0.20981228,,0.912857143,0.209155591,,0,0
2019-12-28,54366.46,0,0,0.91,0,,0.912857143,0,,0,0
2019-12-29,54366.46,0,0,0.91,0,,0.912857143,0,,0,0
2019-12-30,54084.46,-0.005187022,0.005187022,0.91,0.570002369,,0.912857143,0.568218324,,0,0
2019-12-31,54274.46,0.003513024,0.003513024,0.91,0.386046581,,0.911428571,0.385441493,,0,0
2020-01-01,54274.46,0,0,0.91,0,,0.91,0,,0,0
2020-01-02,55295.46,0.018811795,0.018811795,0.89,2.1136848,,0.907142857,2.07374115,,0,0
2020-01-03,54492.46,-0.014521988,0.014521988,0.91,1.595822844,,0.907142857,1.600849058,,0,0
2020-01-04,54492.46,0,0,0.91,0,,0.907142857,0,,0,0
2020-01-05,54492.46,0,0,0.91,0,,0.907142857,0,,0,0
2020-01-06,54104.46,-0.007120251,0.007120251,0.91,0.782445179,,0.907142857,0.784909574,,0,0
2020-01-07,54562.46,0.008465106,0.008465106,0.91,0.930231451,,0.907142857,0.933161314,,0,0
2020-01-08,55084.46,0.009567017,0.009567017,0.9,1.063001925,,0.905714286,1.056295288,,0,0
2020-01-09,55194.97,0.002006192,0.002006192,0.85,0.236022582,,0.9,0.222910216,,0,0
2020-01-10,55037.97,-0.002844462,0.002844462,0.73,0.389652342,,0.874285714,0.325346972,,0,0
2020-01-11,55037.97,0,0,0.73,0,,0.848571429,0,,0,0
2020-01-12,55037.97,0,0,0.73,0,,0.822857143,0,,0,0
2020-01-13,56043.97,0.01827829,0.01827829,0.72,2.538651448,,0.795714286,2.297092154,,0,0
2020-01-14,55772.97,-0.004835489,0.004835489,0.72,0.671595693,,0.768571429,0.629152843,,0,0
2020-01-15,55393.97,-0.006795406,0.006795406,0.73,0.930877596,,0.744285714,0.913010463,,0,0
2020-01-16,56172.97,0.014062903,0.014062903,0.72,1.953180905,,0.725714286,1.937801528,,0,0
2020-01-17,56493.97,0.005714492,0.005714492,0.71,0.804858059,,0.722857143,0.790542402,,0,0
2020-01-18,56493.97,0,0,0.71,0,,0.72,0,,0,0
2020-01-19,56493.97,0,0,0.71,0,,0.717142857,0,,0,0
2020-01-20,56493.97,0,0,0.71,0,,0.715714286,0,,0,0
2020-01-21,56453.97,-0.00070804,0.00070804,0.71,0.099723967,,0.714285714,0.099125623,,0,0
2020-01-22,56800.97,0.0061466,0.0061466,0.71,0.86571838,,0.711428571,0.863979989,,0,0
2020-01-23,57214.97,0.007288608,0.007288608,0.7,1.041229703,,0.708571429,1.028634183,,0,0
2020-01-24,56259.97,-0.016691436,0.016691436,0.72,2.318254976,,0.71,2.350906454,,0,0
2020-01-25,56259.97,0,0,0.72,0,,0.711428571,0,,0,0
2020-01-26,56259.97,0,0,0.72,0,,0.712857143,0,,0,0
2020-01-27,54704.97,-0.027639545,0.027639545,0.74,3.735073715,,0.717142857,3.854119889,,0,0
2020-01-28,55796.97,0.019961623,0.019961623,0.72,2.772447671,,0.718571429,2.777959495,,0,0
2020-01-29,55224.97,-0.010251453,0.010251453,0.73,1.404308592,,0.721428571,1.420993447,,0,0
2020-01-30,55699.97,0.008601182,0.008601182,0.72,1.194608566,,0.724285714,1.187539876,,0,0
2020-01-31,54113.97,-0.028473983,0.028473983,0.75,3.796531069,,0.728571429,3.908193748,,0,0
2020-02-01,54113.97,0,0,0.75,0,,0.732857143,0,,0,0
2020-02-02,54113.97,0,0,0.75,0,,0.737142857,0,,0,0
2020-02-03,55109.97,0.018405598,0.018405598,0.73,2.52131485,,0.735714286,2.501731822,,0,0
2020-02-04,56815.97,0.030956286,0.030956286,0.71,4.3600403,,0.734285714,4.215836633,,0,0
2020-02-05,57226.95,0.00723353,0.00723353,0.69,1.048337621,,0.728571429,0.992837394,,0,0
2020-02-06,57177.95,-0.00085624,0.00085624,0.69,0.124092744,,0.724285714,0.118218532,,0,0
2020-02-07,56503.95,-0.011787761,0.011787761,0.7,1.683965834,,0.717142857,1.643711671,,0,0
2020-02-08,56503.95,0,0,0.7,0,,0.71,0,,0,0
2020-02-09,56503.95,0,0,0.7,0,,0.702857143,0,,0,0
2020-02-10,57367.78,0.015287958,0.015287958,0.82,1.864385091,,0.715714286,2.136042,,0,0
2020-02-11,58105.78,0.012864364,0.012864364,0.81,1.588193078,,0.73,1.762241635,,0,0
2020-02-12,58896.78,0.013613104,0.013613104,0.79,1.723177665,,0.744285714,1.829015832,,0,0
2020-02-13,59294.78,0.006757585,0.006757585,0.79,0.855390513,,0.758571429,0.890830421,,0,0
2020-02-14,59408.78,0.001922598,0.001922598,0.79,0.243366781,,0.771428571,0.249225611,,0,0
2020-02-15,59408.78,0,0,0.79,0,,0.784285714,0,,0,0
2020-02-16,59408.78,0,0,0.79,0,,0.797142857,0,,0,0
2020-02-17,59408.78,0,0,0.79,0,,0.792857143,0,,0,0
2020-02-18,59733.78,0.005470572,0.005470572,0.78,0.701355366,,0.788571429,0.693731939,,0,0
2020-02-19,61351.78,0.027086851,0.027086851,0.76,3.564059345,,0.784285714,3.453696852,,0,0
2020-02-20,60059.96,-0.02105595,0.02105595,0.65,3.239376893,,0.764285714,2.754984086,,0,0
2020-02-21,60059.96,0,0,0,0,,0.651428571,0,,0,0
2020-02-22,60059.96,0,0,0,0,,0.538571429,0,,0,0
2020-02-23,60059.96,0,0,0,0,,0.425714286,0,,0,0
2020-02-24,60059.96,0,0,0,0,,0.312857143,0,,0,0
2020-02-25,60059.96,0,0,0,0,,0.201428571,0,,0,0
2020-02-26,60059.96,0,0,0,0,,0.092857143,0,,0,0
2020-02-27,60059.96,0,0,0,0,,0,0,,0,0
2020-02-28,60059.96,0,0,0,0,,0,0,,0,0
2020-02-29,60059.96,0,0,0,0,,0,0,,0,0
2020-03-01,60059.96,0,0,0,0,,0,0,,0,0
2020-03-02,60059.96,0,0,0,0,,0,0,,0,0
2020-03-03,60091.96,0.000532801,0.000532801,0,0,,0,0,,0,0
2020-03-04,60091.96,0,0,0,0,,0,0,,0,0
2020-03-05,60058.72,-0.000553152,0.000553152,0.26,0.212750847,,0.037142857,1.489255929,,0,0
2020-03-06,60859.48,0.013332951,0.013332951,0,0,,0.037142857,35.89640784,,0,0
2020-03-07,60859.48,0,0,0,0,,0.037142857,0,,0,0
2020-03-08,60859.48,0,0,0,0,,0.037142857,0,,0,0
2020-03-09,60859.48,0,0,0,0,,0.037142857,0,,0,0
2020-03-10,60859.48,0,0,0,0,,0.037142857,0,,0,0
2020-03-11,60859.48,0,0,0,0,,0.037142857,0,,0,0
2020-03-12,60859.48,0,0,0,0,,0,0,,0,0
2020-03-13,60859.48,0,0,0,0,,0,0,,0,0
2020-03-14,60859.48,0,0,0,0,,0,0,,0,0
2020-03-15,60859.48,0,0,0,0,,0,0,,0,0
2020-03-16,60859.48,0,0,0,0,,0,0,,0,0
2020-03-17,60859.48,0,0,0,0,,0,0,,0,0
2020-03-18,60859.48,0,0,0,0,,0,0,,0,0
2020-03-19,60644.68,-0.003529442,0.003529442,0.16,2.205901201,,0.022857143,15.4413084,,0,0
2020-03-20,60696.68,0.000857454,0.000857454,0.16,0.535908508,,0.045714286,1.875679779,,0,0
2020-03-21,60696.68,0,0,0.16,0,,0.068571429,0,,0,0
2020-03-22,60696.68,0,0,0.16,0,,0.091428571,0,,0,0
2020-03-23,61624.88,0.015292434,0.015292434,0.08,19.11554306,,0.102857143,14.8676446,,0,0
2020-03-24,61624.88,0,0,0,0,,0.102857143,0,,0,0
2020-03-25,61792.8,0.002724873,0.002724873,0.16,1.703045913,,0.125714286,2.16751298,,0,0
2020-03-26,61792.8,0,0,0,0,,0.102857143,0,,0,0
2020-03-27,61792.8,0,0,0,0,,0.08,0,,0,0
2020-03-28,61792.8,0,0,0,0,,0.057142857,0,,0,0
2020-03-29,61792.8,0,0,0,0,,0.034285714,0,,0,0
2020-03-30,61704.66,-0.00142638,0.00142638,0.4,0.356594943,,0.08,1.782974716,,0,0
2020-03-31,61572.58,-0.002140519,0.002140519,0,0,,0.08,2.675648808,,0,0
2020-04-01,61572.58,0,0,0,0,,0.057142857,0,,0,0
2020-04-02,61572.58,0,0,0,0,,0.057142857,0,,0,0
2020-04-03,61572.58,0,0,0,0,,0.057142857,0,,0,0
2020-04-04,61572.58,0,0,0,0,,0.057142857,0,,0,0
2020-04-05,61572.58,0,0,0,0,,0.057142857,0,,0,0
2020-04-06,61920.06,0.005643421,0.005643421,0.16,3.527138216,,0.022857143,24.68996751,,0,0
2020-04-07,61916.06,-6.45994E-05,6.45994E-05,0.16,0.040374638,,0.045714286,0.141311233,,0,0
2020-04-08,62098.79,0.002951254,0.002951254,0.32,0.922266775,,0.091428571,3.227933714,,0,0
2020-04-09,62258.79,0.00257654,0.00257654,0.32,0.805168668,,0.137142857,1.878726891,,0,0
2020-04-10,62258.79,0,0,0.32,0,,0.182857143,0,,0,0
2020-04-11,62258.79,0,0,0.32,0,,0.228571429,0,,0,0
2020-04-12,62258.79,0,0,0.32,0,,0.274285714,0,,0,0
2020-04-13,63197.79,0.015082208,0.015082208,0.31,4.86522828,,0.295714286,5.100263463,,0,0
2020-04-14,64422.7,0.019382165,0.019382165,0.23,8.427028306,,0.305714286,6.339960548,,0,0
2020-04-15,64239.7,-0.002840614,0.002840614,0.23,1.235049406,,0.292857143,0.969965631,,0,0
2020-04-16,64600.52,0.005616776,0.005616776,0.15,3.744517279,,0.268571429,2.091352736,,0,0
2020-04-17,64647.23,0.000723059,0.000723059,0.23,0.314373563,,0.255714286,0.282760579,,0,0
2020-04-18,64647.23,0,0,0.23,0,,0.242857143,0,,0,0
2020-04-19,64647.23,0,0,0.23,0,,0.23,0,,0,0
2020-04-20,64553.23,-0.001454045,0.001454045,0.23,0.632193602,,0.218571429,0.665249477,,0,0
2020-04-21,64494.42,-0.000911031,0.000911031,0.08,1.138788872,,0.197142857,0.462117224,,0,0
2020-04-22,64494.42,0,0,0,0,,0.164285714,0,,0,0
2020-04-23,64269.25,-0.00349131,0.00349131,0.14,2.493792708,,0.162857143,2.143786714,,0,0
2020-04-24,64367.25,0.001524835,0.001524835,0.14,1.089167837,,0.15,1.016556648,,0,0
2020-04-25,64367.25,0,0,0.14,0,,0.137142857,0,,0,0
2020-04-26,64367.25,0,0,0.14,0,,0.124285714,0,,0,0
2020-04-27,64745.79,0.005880941,0.005880941,0.3,1.960313669,,0.134285714,4.379424154,,0,0
2020-04-28,64230.33,-0.00796129,0.00796129,0.14,5.686635599,,0.142857143,5.572902887,,0,0
2020-04-29,64507.33,0.004312604,0.004312604,0.14,3.080431672,,0.162857143,2.648090385,,0,0
2020-04-30,64764.27,0.003983113,0.003983113,0.07,5.690161767,,0.152857143,2.605775015,,0,0
2020-05-01,64714.27,-0.000772031,0.000772031,0.07,1.102900896,,0.142857143,0.540421439,,0,0
2020-05-02,64714.27,0,0,0.07,0,,0.132857143,0,,0,0
2020-05-03,64714.27,0,0,0.07,0,,0.122857143,0,,0,0
2020-05-04,64856.27,0.002194261,0.002194261,0.07,3.134658598,,0.09,2.438067798,,0,0
2020-05-05,64806.07,-0.000774019,0.000774019,0.54,0.143336894,,0.147142857,0.526032485,,0,0
2020-05-06,65127.07,0.00495324,0.00495324,0.53,0.934573532,,0.202857143,2.44173789,,0,0
2020-05-07,65093.07,-0.000522056,0.000522056,0.54,0.096677101,,0.27,0.193354201,,0,0
2020-05-08,65106.07,0.000199714,0.000199714,0.53,0.037681894,,0.335714286,0.059489289,,0,0
2020-05-09,65106.07,0,0,0.53,0,,0.401428571,0,,0,0
2020-05-10,65106.07,0,0,0.53,0,,0.467142857,0,,0,0
2020-05-11,65641.04,0.008216899,0.008216899,0.57,1.441561224,,0.538571429,1.52568416,,0,0
2020-05-12,65386.77,-0.003873644,0.003873644,0.49,0.790539527,,0.531428571,0.728911446,,0,0
2020-05-13,65472.3,0.001308063,0.001308063,0.57,0.229484698,,0.537142857,0.243522326,,0,0
2020-05-14,65695.36,0.003406937,0.003406937,0.42,0.811175471,,0.52,0.655180188,,0,0
2020-05-15,65686.34,-0.0001373,0.0001373,0.26,0.052807851,,0.481428571,0.028519373,,0,0
2020-05-16,65686.34,0,0,0.26,0,,0.442857143,0,,0,0
2020-05-17,65686.34,0,0,0.26,0,,0.404285714,0,,0,0
2020-05-18,65689.34,4.56716E-05,4.56716E-05,0.26,0.017565999,,0.36,0.012686555,,0,0
2020-05-19,65838.32,0.002267948,0.002267948,0.19,1.193656784,,0.317142857,0.715118704,,0,0
2020-05-20,65961.32,0.001868213,0.001868213,0.19,0.983269957,,0.262857143,0.710733176,,0,0
2020-05-21,65787.36,-0.002637303,0.002637303,0.11,2.397548359,,0.218571429,1.206609305,,0,0
2020-05-22,65816.36,0.000440814,0.000440814,0.08,0.551017703,,0.192857143,0.228570306,,0,0
2020-05-23,65816.36,0,0,0.08,0,,0.167142857,0,,0,0
2020-05-24,65816.36,0,0,0.08,0,,0.141428571,0,,0,0
2020-05-25,65816.36,0,0,0.08,0,,0.115714286,0,,0,0
2020-05-26,65245.97,-0.008666386,0.008666386,0.46,1.88399702,,0.154285714,5.617102225,,0,0
2020-05-27,64950.28,-0.004531927,0.004531927,0.58,0.781366795,,0.21,2.158060673,,0,0
2020-05-28,64938.28,-0.000184757,0.000184757,0.5,0.036951342,,0.265714286,0.069532095,,0,0
2020-05-29,65235.28,0.004573574,0.004573574,0.5,0.914714711,,0.325714286,1.404167319,,0,0
2020-05-30,65235.28,0,0,0.5,0,,0.385714286,0,,0,0
2020-05-31,65235.28,0,0,0.5,0,,0.445714286,0,,0,0
2020-06-01,65171.86,-0.000972173,0.000972173,0.42,0.231469843,,0.494285714,0.196682467,,0,0
2020-06-02,65233.92,0.000952251,0.000952251,0.38,0.250592494,,0.482857143,0.197211845,,0,0
2020-06-03,65165.98,-0.001041483,0.001041483,0.46,0.226409285,,0.465714286,0.223631257,,0,0
2020-06-04,65024.98,-0.002163706,0.002163706,0.46,0.470370796,,0.46,0.470370796,,0,0
2020-06-05,65392.68,0.00565475,0.00565475,0.38,1.488092082,0.875213431,0.442857143,1.276879013,,0.870351,0
2020-06-06,65399.68,0.000107046,0.000107046,0.38,0.0281699,0.870507634,0.425714286,0.025144944,,0.870508,0
2020-06-07,65399.68,0,0,0.38,0,0.867408954,0.408571429,0,,0.867409,0
2020-06-08,65477.68,0.001192666,0.001192666,0.38,0.313859575,0.858089622,0.402857143,0.29605194,,0.85809,0
2020-06-09,66068.66,0.009025671,0.009025671,0.3,3.008557013,0.863002235,0.391428571,2.305828367,,0.863002,0
2020-06-10,66529.25,0.006971384,0.006971384,0.38,1.83457474,0.872970345,0.38,1.83457474,,0.87297,0
2020-06-11,65843.42,-0.010308699,0.010308699,0.08,12.88587351,0.944558531,0.325714286,3.164951388,1.296270374,0.944559,1.29627
2020-06-12,65833.72,-0.000147319,0.000147319,0.08,0.184149001,0.945581581,0.282857143,0.052082546,1.296559722,0.945582,1.29656
2020-06-13,65833.72,0,0,0.08,0,0.940852585,0.24,0,1.291908482,0.940853,1.291908
2020-06-14,65833.72,0,0,0.08,0,0.935293895,0.197142857,0,1.286458622,0.935294,1.286459
2020-06-15,65936.72,0.001564548,0.001564548,0.08,1.955684716,0.945158479,0.154285714,1.014058742,1.291105591,0.945158,1.291106
2020-06-16,65947.3,0.000160457,0.000160457,0.04,0.401142186,0.942402209,0.117142857,0.136975381,1.286980363,0.942402,1.28698
2020-06-17,66032.62,0.00129376,0.00129376,0.87,0.148708083,0.936986128,0.187142857,0.691322309,1.284731754,0.936986,1.284732
2020-06-18,66276.62,0.003695143,0.003695143,0.87,0.424729126,0.939345735,0.3,1.231714467,1.291574612,0.939346,1.291575
2020-06-19,66354.62,0.001176886,0.001176886,0.87,0.135274207,0.940097258,0.412857143,0.285058797,1.293158272,0.940097,1.293158
2020-06-20,66354.62,0,0,0.87,0,0.939408186,0.525714286,0,1.292474567,0.939408,1.292475
2020-06-21,66354.62,0,0,0.87,0,0.936316621,0.638571429,0,1.289368533,0.936317,1.289369
2020-06-22,66580.62,0.003405942,0.003405942,0.86,0.39603979,0.938516842,0.75,0.454125626,1.291891453,0.938517,1.291891
2020-06-23,66620.29,0.000595819,0.000595819,0.9,0.066202114,0.931603327,0.872857143,0.068260772,1.285012165,0.931603,1.285012
2020-06-24,66512.48,-0.001618276,0.001618276,0.83,0.194972982,0.931520887,0.867142857,0.186621586,1.284886976,0.931521,1.284887
2020-06-25,66522.85,0.000155911,0.000155911,0.26,0.059965612,0.931854029,0.78,0.019988537,1.284998024,0.931854,1.284998
2020-06-26,66472.88,-0.00075117,0.00075117,0.38,0.197676437,0.932952231,0.71,0.105798657,1.285585794,0.932952,1.285586
2020-06-27,66472.88,0,0,0.38,0,0.929785552,0.64,0,1.282429025,0.929786,1.282429
2020-06-28,66472.88,0,0,0.38,0,0.927640848,0.57,0,1.280287684,0.927641,1.280288
2020-06-29,66315.98,-0.002360361,0.002360361,0.49,0.481706346,0.930316995,0.517142857,0.456423417,1.28282337,0.930317,1.282823
2020-06-30,66501.48,0.002797214,0.002797214,0.26,1.07585161,0.924551255,0.425714286,0.657063735,1.274952939,0.924551,1.274953
2020-07-01,66568.52,0.001008098,0.001008098,0.34,0.296499372,0.917332791,0.355714286,0.283401006,1.267633784,0.917333,1.267634
2020-07-02,66567.14,-2.07305E-05,2.07305E-05,0.41,0.005056224,0.917360881,0.377142857,0.005496729,1.267664321,0.917361,1.267664
2020-07-03,66567.14,0,0,0.41,0,0.917360881,0.381428571,0,1.267664321,0.917361,1.267664
2020-07-04,66567.14,0,0,0.41,0,0.913013964,0.385714286,0,1.263303712,0.913014,1.263304
2020-07-05,66567.14,0,0,0.41,0,0.907846011,0.39,0,1.258119483,0.907846,1.258119
2020-07-06,66817.3,0.00375801,0.00375801,0.37,1.015678469,0.907583103,0.372857143,1.007895492,1.257850595,0.907583,1.257851
2020-07-07,66833.3,0.000239459,0.000239459,0.23,0.104112584,0.90685027,0.368571429,0.064969481,1.256973146,0.90685,1.256973
2020-07-08,66910.72,0.001158405,0.001158405,0.45,0.257423237,0.906115664,0.384285714,0.301443568,1.25684035,0.906116,1.25684
2020-07-09,67806.89,0.013393519,0.013393519,0.66,2.029321061,0.917389669,0.42,3.188933097,1.274556645,0.91739,1.274557
2020-07-10,67537.89,-0.003967148,0.003967148,0.66,0.601083102,0.92072902,0.455714286,0.870534147,1.279392946,0.920729,1.279393
2020-07-11,67537.89,0,0,0.66,0,0.906625401,0.491428571,0,1.266631322,0.906625,1.266631
2020-07-12,67537.89,0,0,0.66,0,0.902894314,0.527142857,0,1.263136029,0.902894,1.263136
2020-07-13,66745.59,-0.011731193,0.011731193,0.58,2.022619426,0.908959546,0.557142857,2.105598684,1.269761519,0.90896,1.269762
2020-07-14,67070.59,0.004869236,0.004869236,0.52,0.936391453,0.903310716,0.598571429,0.813476107,1.263515267,0.903311,1.263515
2020-07-15,67147.39,0.001145062,0.001145062,0.59,0.194078346,0.899917495,0.618571429,0.185113988,1.260151775,0.899917,1.260152
2020-07-16,67158.39,0.000163819,0.000163819,0.59,0.027765886,0.90007175,0.608571429,0.02691857,1.260301323,0.900072,1.260301
2020-07-17,67406.21,0.003690083,0.003690083,0.66,0.55910341,0.90317788,0.608571429,0.606351585,1.263669943,0.903178,1.26367
2020-07-18,67406.21,0,0,0.59,0,0.90317788,0.598571429,0,1.263669943,0.903178,1.26367
2020-07-19,67406.21,0,0,0.59,0,0.902623858,0.588571429,0,1.263119245,0.902624,1.263119
2020-07-20,68244.21,0.012432089,0.012432089,0.58,2.143463616,0.909722443,0.588571429,2.112248126,1.270054068,0.909722,1.270054
2020-07-21,67937.68,-0.004491663,0.004491663,0.51,0.880718255,0.908830712,0.587142857,0.765003448,1.268589453,0.908831,1.268589
2020-07-22,67889.68,-0.00070653,0.00070653,0.36,0.196258296,0.897041842,0.554285714,0.127466729,1.25623701,0.897042,1.256237
2020-07-23,67292.22,-0.008800454,0.008800454,0.51,1.725579199,0.906628393,0.542857143,1.621136247,1.265243322,0.906628,1.265243
2020-07-24,67064.22,-0.003388207,0.003388207,0.52,0.651578353,0.910248273,0.522857143,0.648017815,1.268843421,0.910248,1.268843
2020-07-25,67064.22,0,0,0.52,0,0.889497863,0.512857143,0,1.247431644,0.889498,1.247432
2020-07-26,67064.22,0,0,0.52,0,0.874095376,0.502857143,0,1.231998536,0.874095,1.231999
2020-07-27,68015.82,0.014189384,0.014189384,0.73,1.943751294,0.87709228,0.524285714,2.706422101,1.239139806,0.877092,1.23914
2020-07-28,67450.82,-0.008306891,0.008306891,0.72,1.153734855,0.876865204,0.554285714,1.498665894,1.240868284,0.876865,1.240868
2020-07-29,68103.82,0.009681128,0.009681128,0.72,1.344601066,0.863243371,0.605714286,1.59829938,1.228035538,0.863243,1.228036
2020-07-30,68346.01,0.003556188,0.003556188,0.72,0.493915026,0.865987343,0.635714286,0.559400389,1.231143318,0.865987,1.231143
2020-07-31,69277.88,0.013634593,0.013634593,0.56,2.434748673,0.879513725,0.641428571,2.125660311,1.242952542,0.879514,1.242953
2020-08-01,69277.88,0,0,0.56,0,0.86550642,0.647142857,0,1.229054031,0.865506,1.229054
2020-08-02,69277.88,0,0,0.56,0,0.841283974,0.652857143,0,1.205632717,0.841284,1.205633
2020-08-03,69918.69,0.00924985,0.00924985,0.69,1.340557975,0.84290742,0.647142857,1.429336648,1.208057713,0.842907,1.208058
2020-08-04,69922.69,5.72093E-05,5.72093E-05,0.69,0.008291204,0.842264078,0.642857143,0.008899226,1.207450383,0.842264,1.20745
2020-08-05,70207.69,0.00407593,0.00407593,0.68,0.599401492,0.836238721,0.637142857,0.639719978,1.201872652,0.836239,1.201873
2020-08-06,70621.69,0.00589679,0.00589679,0.68,0.867174991,0.84105636,0.631428571,0.933880759,1.207060878,0.841056,1.207061
2020-08-07,69889.89,-0.010362256,0.010362256,0.62,1.671331542,0.850341535,0.64,1.619102432,1.216055891,0.850342,1.216056
2020-08-08,69889.89,0,0,0.62,0,0.83998384,0.648571429,0,1.204188991,0.839984,1.204189
2020-08-09,69889.89,0,0,0.62,0,0.831160545,0.657142857,0,1.19439876,0.831161,1.194399
2020-08-10,69130.29,-0.010868525,0.010868525,0.54,2.012689771,0.832768946,0.635714286,1.70965558,1.193735648,0.832769,1.193736
2020-08-11,68356.1,-0.011198998,0.011198998,0.34,3.293823029,0.846315793,0.585714286,1.9120241,1.199408946,0.846316,1.199409
2020-08-12,69365.49,0.014766641,0.014766641,0.2,7.383320581,0.885982203,0.517142857,2.855427849,1.213887847,0.885982,1.213888
2020-08-13,69747.43,0.005506196,0.005506196,0.07,7.865994624,0.929682173,0.43,1.280510753,1.221001796,0.929682,1.221002
2020-08-14,69671.43,-0.001089646,0.001089646,0.07,1.556636977,0.938330156,0.351428571,0.310061837,1.222724362,0.93833,1.222724
2020-08-15,69671.43,0,0,0.07,0,0.938330156,0.272857143,0,1.222724362,0.93833,1.222724
2020-08-16,69671.43,0,0,0.07,0,0.934433738,0.194285714,0,1.218870295,0.934434,1.21887
2020-08-17,69764.28,0.001332684,0.001332684,0.18,0.74038,0.91874663,0.142857143,0.9328788,1.204865751,0.918747,1.204866
2020-08-18,70045.98,0.004037883,0.004037883,0.36,1.121634166,0.906981393,0.145714286,2.771096174,1.204955262,0.906981,1.204955
2020-08-19,69975.98,-0.000999344,0.000999344,0.36,0.277595437,0.90852359,0.168571429,0.592830934,1.208248767,0.908524,1.208249
2020-08-20,70228.78,0.003612668,0.003612668,0.29,1.245747666,0.91544441,0.2,1.806334116,1.218283957,0.915444,1.218284
2020-08-21,70231.78,4.27175E-05,4.27175E-05,0.29,0.014730183,0.915526244,0.231428571,0.018458192,1.218386502,0.915526,1.218387
2020-08-22,70231.78,0,0,0.29,0,0.915526244,0.262857143,0,1.218386502,0.915526,1.218387
2020-08-23,70231.78,0,0,0.29,0,0.915526244,0.294285714,0,1.218386502,0.915526,1.218387
2020-08-24,70041.16,-0.002714156,0.002714156,0.51,0.532187431,0.918482841,0.341428571,0.794941058,1.222802842,0.918483,1.222803
2020-08-25,70265.71,0.003205972,0.003205972,0.62,0.517092263,0.921355576,0.378571429,0.846860537,1.227507622,0.921356,1.227508
2020-08-26,70837.71,0.008140528,0.008140528,0.61,1.334512834,0.928769536,0.414285714,1.964955104,1.23842404,0.92877,1.238424
2020-08-27,70358.69,-0.006762217,0.006762217,0.75,0.901628996,0.933778586,0.48,1.408795306,1.24625068,0.933779,1.246251
2020-08-28,70469.69,0.00157763,0.00157763,0.68,0.232004453,0.9350675,0.535714286,0.294490986,1.247886741,0.935068,1.247887
2020-08-29,70469.69,0,0,0.68,0,0.9350675,0.591428571,0,1.247886741,0.935068,1.247887
2020-08-30,70469.69,0,0,0.68,0,0.9350675,0.647142857,0,1.247886741,0.935068,1.247887
2020-08-31,70748.61,0.003958014,0.003958014,0.46,0.860437766,0.93984771,0.64,0.618439644,1.251322517,0.939848,1.251323
2020-09-01,71333.22,0.008263201,0.008263201,0.41,2.01541493,0.94986251,0.61,1.35462315,1.250574557,0.949863,1.250575
2020-09-02,71353.59,0.000285561,0.000285561,0.69,0.041385681,0.95009243,0.621428571,0.045952377,1.05140536,0.950092,1.051405
2020-09-03,68700.82,-0.037177807,0.037177807,0.48,7.745376465,0.9931223,0.582857143,6.378545324,1.086841723,0.993122,1.086842
2020-09-04,67573.95,-0.01640257,0.01640257,0.51,3.21619017,1.010990023,0.558571429,2.93652146,1.103155731,1.01099,1.103156
2020-09-05,67573.95,0,0,0.07,0,1.010990023,0.471428571,0,1.103155731,1.01099,1.103156
2020-09-06,67573.95,0,0,0.07,0,1.010990023,0.384285714,0,1.103155731,1.01099,1.103156
2020-09-07,67573.95,0,0,0.07,0,1.010990023,0.328571429,0,1.103155731,1.01099,1.103156
2020-09-08,67333.95,-0.003551665,0.003551665,0.07,5.073806443,1.039177836,0.28,1.268451611,1.110202684,1.039178,1.110203
2020-09-09,67505.95,0.002554432,0.002554432,0.07,3.649188644,1.059451107,0.191428571,1.334404803,1.117616045,1.059451,1.117616
2020-09-10,66642.05,-0.01279739,0.01279739,0.35,3.656397272,1.079764425,0.172857143,7.403449022,1.158746317,1.079764,1.158746
2020-09-11,66308.05,-0.005011851,0.005011851,0.35,1.431957322,1.087719743,0.15,3.341233751,1.177308727,1.08772,1.177309
2020-09-12,66308.05,0,0,0.35,0,1.087719743,0.19,0,1.177308727,1.08772,1.177309
2020-09-13,66308.05,0,0,0.35,0,1.087719743,0.23,0,1.177308727,1.08772,1.177309
2020-09-14,66614.05,0.004614824,0.004614824,0.35,1.318521227,1.095044861,0.27,1.709194183,1.18680425,1.095045,1.186804
2020-09-15,66817.05,0.003047405,0.003047405,0.35,0.87068719,1.087627006,0.31,0.983033924,1.106480503,1.087627,1.106481
2020-09-16,66187.76,-0.009418105,0.009418105,0.43,2.190257002,1.096817831,0.361428571,2.605799833,1.110536725,1.096818,1.110537
2020-09-17,65421.07,-0.011583562,0.011583562,0.74,1.565346172,1.105514198,0.417142857,2.776881223,1.125963843,1.105514,1.125964
2020-09-18,65428.63,0.000115559,0.000115559,0.69,0.016747696,1.105607241,0.465714286,0.024813304,1.126101695,1.105607,1.126102
2020-09-19,65428.63,0,0,0.23,0,0.99940978,0.448571429,0,1.043503669,0.99941,1.043504
2020-09-20,65428.63,0,0,0.23,0,0.99940978,0.431428571,0,1.043503669,0.99941,1.043504
2020-09-21,65605.63,0.002705238,0.002705238,0.23,1.176190327,0.996482804,0.414285714,0.652988423,1.035089644,0.996483,1.03509
2020-09-22,65591.1,-0.000221475,0.000221475,0.3,0.073824965,0.996892943,0.407142857,0.054397343,1.035391851,0.996893,1.035392
2020-09-23,64876.1,-0.010900869,0.010900869,0.3,3.633623058,1.017079737,0.388571429,2.805370743,1.050977244,1.01708,1.050977
2020-09-24,65038.09,0.002496913,0.002496913,0.35,0.713403813,1.021043092,0.332857143,0.750145641,1.05514472,1.021043,1.055145
2020-09-25,65698.66,0.010156664,0.010156664,0.42,2.418253233,1.034477832,0.294285714,3.451293449,1.074318573,1.034478,1.074319
2020-09-26,65698.66,0,0,0.42,0,1.032496749,0.321428571,0,1.064413158,1.032497,1.064413
2020-09-27,65698.66,0,0,0.42,0,1.032496749,0.348571429,0,1.049548442,1.032497,1.049548
2020-09-28,66220.54,0.007943541,0.007943541,0.5,1.588708202,1.041322906,0.387142857,2.051837161,1.060947537,1.041323,1.060948
2020-09-29,66161.54,-0.000890962,0.000890962,0.49,0.181829027,1.042333067,0.414285714,0.215059849,1.062142314,1.042333,1.062142
2020-09-30,66622.54,0.006967794,0.006967794,0.49,1.421998833,1.050233061,0.441428571,1.578464724,1.070911563,1.050233,1.070912
2020-10-01,67126.54,0.007565007,0.007565007,0.49,1.543879036,1.058810166,0.461428571,1.639475262,1.080019759,1.05881,1.08002
2020-10-02,65659.4,-0.021856333,0.021856333,0.57,3.834444356,1.080112635,0.482857143,4.526459462,1.105166756,1.080113,1.105167
2020-10-03,65659.4,0,0,0.42,0,1.060517423,0.482857143,0,0.968000269,1.060517,0.968
2020-10-04,65659.4,0,0,0.42,0,1.060293119,0.482857143,0,0.967215207,1.060293,0.967215
2020-10-05,66549.81,0.013561044,0.013561044,0.5,2.712208762,1.070237241,0.482857143,2.808500198,0.964885021,1.070237,0.964885
2020-10-06,66083.8,-0.007002424,0.007002424,0.45,1.556094267,1.07440905,0.477142857,1.467573934,0.962600838,1.074409,0.962601
2020-10-07,66777.79,0.010501666,0.010501666,0.5,2.100333213,1.086077568,0.478571429,2.194377984,0.974791827,1.086078,0.974792
2020-10-08,66733.76,-0.000659351,0.000659351,0.56,0.117741243,1.086731686,0.488571429,0.134954875,0.975541576,1.086732,0.975542
2020-10-09,67127.4,0.005898664,0.005898664,0.71,0.830797688,1.091347229,0.508571429,1.159849581,0.981985185,1.091347,0.981985
2020-10-10,67127.4,0,0,0.7,0,1.064318183,0.548571429,0,0.953650388,1.064318,0.95365
2020-10-11,67127.4,0,0,0.7,0,1.017501359,0.588571429,0,0.918428385,1.017501,0.918428
2020-10-12,68748.4,0.024148112,0.024148112,0.69,3.499726434,1.030082898,0.615714286,3.92196721,0.934828393,1.030083,0.934828
2020-10-13,68844.4,0.001396396,0.001396396,0.69,0.202376251,1.010404337,0.65,0.214830175,0.924403268,1.010404,0.924403
2020-10-14,68777.4,-0.000973209,0.000973209,0.69,0.141044804,1.009441399,0.677142857,0.14372287,0.923630836,1.009441,0.923631
2020-10-15,68218.75,-0.008122581,0.008122581,0.64,1.269153276,1.016492251,0.688571429,1.179627941,0.930184325,1.016492,0.930184
2020-10-16,67906.75,-0.004573523,0.004573523,0.58,0.788538392,1.020873019,0.67,0.682615325,0.933976632,1.020873,0.933977
2020-10-17,67906.75,0,0,0.58,0,1.017360833,0.652857143,0,0.930280802,1.017361,0.930281
2020-10-18,67906.75,0,0,0.58,0,1.011034228,0.635714286,0,0.927713484,1.011034,0.927713
2020-10-19,67212.18,-0.010228291,0.010228291,0.5,2.0456582,1.022398996,0.608571429,1.680705094,0.937050734,1.022399,0.937051
2020-10-20,67297.15,0.001264205,0.001264205,0.22,0.574638812,1.01173703,0.541428571,0.233494399,0.926437999,1.011737,0.926438
2020-10-21,67413.15,0.001723699,0.001723699,0.14,1.231213251,1.012526171,0.462857143,0.372404008,0.922859374,1.012526,0.922859
2020-10-22,67468.15,0.000815865,0.000815865,0.14,0.5827604,1.015763729,0.391428571,0.208432552,0.924017332,1.015764,0.924017
2020-10-23,67568.15,0.001482181,0.001482181,0.14,1.058700608,1.021645399,0.328571429,0.45109852,0.926523435,1.021645,0.926523
2020-10-24,67568.15,0,0,0.14,0,1.010754767,0.265714286,0,0.902193301,1.010755,0.902193
2020-10-25,67568.15,0,0,0.14,0,0.979162347,0.202857143,0,0.871232729,0.979162,0.871233
2020-10-26,67209.69,-0.005305162,0.005305162,0.07,7.578803242,1.0041533,0.141428571,3.751124837,0.877360698,1.004153,0.877361
2020-10-27,67209.69,0,0,0,0,0.972541291,0.11,0,0.862884171,0.972541,0.862884
2020-10-28,67209.69,0,0,0,0,0.966414063,0.09,0,0.859881829,0.966414,0.859882
2020-10-29,66967.82,-0.003598737,0.003598737,0.28,1.285263224,0.973554415,0.11,3.271579116,0.878057269,0.973554,0.878057
2020-10-30,66102.82,-0.012916652,0.012916652,0.28,4.613089861,0.999182692,0.13,9.935885854,0.933256635,0.999183,0.933257
2020-10-31,66102.82,0,0,0.28,0,0.981767922,0.15,0,0.919711814,0.981768,0.919712
2020-11-01,66102.82,0,0,0.28,0,0.980971605,0.17,0,0.916789411,0.980972,0.916789
2020-11-02,66132.82,0.000453838,0.000453838,0.28,0.162085153,0.976680003,0.2,0.226919215,0.904484863,0.97668,0.904485
2020-11-03,66660.82,0.007983933,0.007983933,0.28,2.851404621,0.991984045,0.24,3.326638725,0.921891999,0.991984,0.921892
2020-11-04,67828.19,0.017512086,0.017512086,0.51,3.433742316,1.010851048,0.312857143,5.59747035,0.95265856,1.010851,0.952659
2020-11-05,68825.19,0.014698903,0.014698903,0.5,2.939780643,1.027183162,0.344285714,4.269390975,0.976377399,1.027183,0.976377
2020-11-06,68932.9,0.001564979,0.001564979,0.55,0.284541697,1.028763949,0.382857143,0.408763259,0.978648306,1.028764,0.978648
2020-11-07,68932.9,0,0,0.55,0,1.020755276,0.421428571,0,0.970172283,1.020755,0.970172
2020-11-08,68932.9,0,0,0.55,0,1.01636339,0.46,0,0.966122775,1.016363,0.966123
2020-11-09,67347.9,-0.022993375,0.022993375,0.56,4.105959771,1.037899362,0.5,4.598674943,0.990318067,1.037899,0.990318
2020-11-10,66426.03,-0.013688177,0.013688177,0.36,3.802271489,1.054516562,0.511428571,2.67645926,1.001547395,1.054517,1.001547
